Model,H-L Sharpe
OLS-3,1.088915
ENet+H,0.894855
PCR,1.309952
PLS,1.374984
GLM+H,0.935225
GBRT+H,1.521147
NN1,1.313053
NN2,1.317779
NN3,1.440331
NN4,1.703095
ENS-AVG,2.413731
ENS-MSE,2.413731
