Model,H-L Sharpe
OLS-3,0.051573
ENet+H,0.133855
PCR,0.262107
PLS,0.277388
GLM+H,0.005232
GBRT+H,0.712381
NN1,0.581157
NN2,0.725968
NN3,0.660195
NN4,0.399441
ENS-AVG,1.372126
ENS-MSE,1.37153
