Model,OOS R² (%),H-L Sharpe,SR* (CT 2008),Δ Sharpe
ENet+H,-0.0241875648498535,0.2215746709493165,,
OLS-3,0.3854453563690185,0.6506670073376389,0.6536336300253804,0.0029666226877415047
PCR,0.46883225440979,0.5728420447574172,0.5769388309783825,0.0040967862209653205
PLS,0.4251420497894287,0.6048640938112707,0.6083832215199422,0.0035191277086714656
