,ENet+H,GLM+H,OLS-3,PCR,PLS
ENet+H,,-0.9165118598588953,-3.4699786612902135,-3.778639445806971,-1.7368148807606187
GLM+H,0.9165118598588953,,-2.5713106313354523,-2.758881139662811,-1.4229095766435857
OLS-3,3.4699786612902135,2.5713106313354523,,0.7898992551195764,0.691750075238923
PCR,3.778639445806971,2.758881139662811,-0.7898992551195764,,0.29494845312210166
PLS,1.7368148807606187,1.4229095766435857,-0.691750075238923,-0.29494845312210166,
