,ENet+H,OLS-3,PCR,PLS
ENet+H,,1.0736219867405945,1.3785615176734387,1.3491187689367465
OLS-3,-1.0736219867405945,,2.1769737267229226,0.5470995602779235
PCR,-1.3785615176734387,-2.1769737267229226,,-1.248634391009135
PLS,-1.3491187689367465,-0.5470995602779235,1.248634391009135,
