Model,H-L Sharpe
ENet+H,0.6349613827218137
GLM+H,0.629353497995155
OLS-3,0.00022330374986722457
PCR,0.35475631069145513
PLS,0.7122148021662018
