Model,H-L Sharpe
ENet+H,0.2215746709493165
OLS-3,0.6506670073376389
PCR,0.5728420447574172
PLS,0.6048640938112707
